GX,GY,GZ,AX,AY,AZ,MX,MY,MZ,TS
6.011963,19.424438,11.917114,0.09765625,0.09790039,-1.0305176,-0.23364258,0.005493164,0.43432617,82
20.29419,41.488647,10.116577,0.064453125,0.10253906,-1.0161133,-0.23364258,0.005493164,0.43432617,83
13.031006,38.513184,10.848999,0.068359375,0.11010742,-1.0205078,-0.234375,0.0043945312,0.4350586,84
2.5482178,45.318604,1.5716553,0.09326172,0.06640625,-1.0014648,-0.234375,0.0043945312,0.4350586,85
-49.575806,38.589478,-9.185791,0.15014648,0.10839844,-0.9760742,-0.23071289,-0.00036621094,0.4383545,86
-5.584717,39.96277,-17.227173,0.11376953,0.072509766,-1.0478516,-0.23071289,-0.00036621094,0.4383545,87
22.04895,26.229858,12.786865,0.064453125,0.013183594,-1.092041,-0.23071289,-0.00036621094,0.4383545,88
47.409058,-44.281006,39.29138,0.17211914,-0.0048828125,-1.1635742,-0.24206543,-0.010253906,0.4383545,89
-47.302246,-55.786133,-24.56665,0.106933594,0.115478516,-0.9836426,-0.24206543,-0.010253906,0.4383545,90
-77.57568,-88.912964,-11.413574,0.123535156,0.072021484,-1.0761719,-0.22851562,0.008422852,0.43579102,91
-25.344849,-47.76001,10.543823,0.091308594,0.015625,-1.0085449,-0.22851562,0.008422852,0.43579102,92
-9.155273,-16.25061,34.65271,0.06542969,-0.011962891,-1.0175781,-0.22851562,0.008422852,0.43579102,93
-3.326416,16.326904,18.737793,0.06201172,0.013427734,-1.0019531,-0.21057129,0.033325195,0.43762207,94
39.07776,45.639038,18.203735,0.11352539,0.018310547,-0.97924805,-0.21057129,0.033325195,0.43762207,95
38.04016,34.92737,15.289307,0.12890625,0.038085938,-1.0214844,-0.21972656,0.025268555,0.43945312,96
24.917603,15.167236,36.743164,0.061035156,-0.005859375,-1.0410156,-0.21972656,0.025268555,0.43945312,97
14.953613,14.450073,32.50122,0.09887695,0.037109375,-1.0275879,-0.21972656,0.025268555,0.43945312,98
4.6081543,-5.6762695,31.921387,0.072021484,0.034179688,-1.0422363,-0.2244873,0.01940918,0.43981934,99
17.837524,5.9661865,28.244019,0.061523438,0.020263672,-1.0324707,-0.2244873,0.01940918,0.43981934,100
26.626587,21.560669,10.406494,0.06689453,0.025146484,-1.0249023,-0.21643066,0.024536133,0.4449463,101
25.375366,34.75952,-6.713867,0.08081055,0.036376953,-1.0119629,-0.21643066,0.024536133,0.4449463,102
26.672363,33.218384,-2.4719238,0.12768555,0.0690918,-1.0158691,-0.21643066,0.024536133,0.4449463,103
22.888184,15.655518,8.758545,0.16601562,0.11230469,-1.0061035,-0.21862793,0.013549805,0.4456787,104
1.3885498,-12.359619,45.318604,0.1875,0.011962891,-1.0356445,-0.21862793,0.013549805,0.4456787,105
11.917114,-21.621704,78.689575,0.18920898,-0.020019531,-1.0483398,-0.23474121,-0.012084961,0.4489746,106
31.356812,2.8533936,-12.619019,0.08203125,0.083496094,-1.0373535,-0.23474121,-0.012084961,0.4489746,107
12.466431,-17.593384,-74.93591,0.14086914,0.052490234,-1.0498047,-0.23474121,-0.012084961,0.4489746,108
38.2843,-10.513306,-105.92651,0.19677734,0.022216797,-1.0437012,-0.24243164,-0.016845703,0.45043945,109
49.331665,-11.276245,-139.80103,0.171875,0.034179688,-1.0581055,-0.24243164,-0.016845703,0.45043945,110
97.32056,34.13391,-138.85498,0.114990234,0.099121094,-1.0297852,-0.2244873,0.0040283203,0.45007324,111
174.22485,123.82507,-85.632324,0.053466797,0.2253418,-1.0129395,-0.2244873,0.0040283203,0.45007324,112
229.88892,183.65479,-24.032593,-0.041748047,0.24243164,-1.0378418,-0.2244873,0.0040283203,0.45007324,113
319.41223,288.78784,-49.865723,-0.0009765625,0.23242188,-1.0942383,-0.20617676,0.0007324219,0.4482422,114
365.3717,351.3031,-42.800903,-0.0793457,0.26416016,-1.137207,-0.20617676,0.0007324219,0.4482422,115
473.1903,451.00403,48.721313,-0.23291016,0.3527832,-1.1950684,-0.20617676,-0.016113281,0.44970703,116
499.9237,499.9237,235.54993,-0.34326172,0.49267578,-1.322998,-0.17248535,-0.016113281,0.44970703,117
499.9237,499.9237,381.2256,-0.35595703,0.62280273,-1.345459,-0.17248535,-0.016113281,0.44970703,118
499.9237,499.9237,441.98608,-0.3100586,0.6911621,-1.4621582,-0.12414551,-0.056762695,0.44421387,119
499.9237,499.9237,445.00732,-0.23046875,0.78222656,-1.5202637,-0.12414551,-0.056762695,0.44421387,120
499.9237,499.9237,436.3098,-0.22045898,0.84399414,-1.5092773,-0.12414551,-0.056762695,0.40942383,121
499.9237,499.9237,367.99622,-0.30566406,0.8557129,-1.5288086,-0.059326172,-0.095581055,0.40942383,122
499.9237,499.9237,284.0271,-0.41967773,0.9333496,-1.5021973,-0.059326172,-0.095581055,0.40942383,123
499.9237,499.9237,213.62305,-0.6491699,1.1948242,-1.5913086,0.021972656,-0.114990234,0.33947754,124
499.9237,499.9237,499.9237,-1.060791,1.8129883,-1.4558105,0.09411621,-0.10290527,0.21936035,126
499.9237,499.9237,499.9237,-1.1669922,2.1560059,-1.2941895,0.09411621,-0.10290527,0.21936035,127
499.9237,499.9237,499.9237,-1.0957031,2.1879883,-1.123291,0.09411621,-0.10290527,0.21936035,128
499.9237,499.9237,442.70325,-0.91430664,1.8605957,-0.7988281,0.103271484,-0.060791016,0.04321289,129
499.9237,499.9237,402.5421,-0.49121094,1.5661621,-0.46679688,0.103271484,-0.060791016,0.04321289,130
499.9237,499.9237,88.37891,0.3515625,0.95532227,0.607666,-0.0040283203,-0.028198242,-0.07946777,132
499.9237,499.9237,-101.501465,0.4560547,0.673584,0.9777832,-0.0040283203,-0.028198242,-0.07946777,133
499.9237,177.73438,-218.03284,0.4243164,0.6381836,1.0666504,-0.08276367,0.020874023,-0.10510254,134
499.9237,-184.61609,-47.668457,0.11352539,0.68847656,0.8991699,-0.08276367,0.020874023,-0.10510254,135
484.35974,-463.83667,178.75671,-0.15332031,0.8449707,0.7355957,-0.08276367,0.020874023,-0.10510254,136
229.84314,-500,380.46265,-0.1616211,0.7233887,0.59228516,-0.0501709,0.087524414,-0.08239746,137
79.8645,-500,395.26367,0.005859375,0.43603516,0.5966797,-0.0501709,0.087524414,-0.08239746,138
10.284424,-500,336.77673,0.23046875,0.24511719,0.6442871,0.025268555,0.14904785,-0.034423828,139
-35.507202,-500,284.77478,0.3239746,0.16357422,0.5944824,0.025268555,0.14904785,-0.034423828,140
-166.36658,-500,299.469,0.27392578,0.11645508,0.4111328,0.025268555,0.14904785,-0.034423828,141
-358.1848,-500,358.87146,0.14697266,0.084228516,0.26293945,0.08898926,0.18896484,0.024536133,142
-500,-500,398.20862,0.017333984,0.04663086,0.21801758,0.08898926,0.18896484,0.024536133,143
-500,-500,433.70056,-0.10473633,0.0078125,0.2763672,0.12670898,0.22009277,0.07763672,144
-500,-500,484.92432,-0.16357422,0.022216797,0.35717773,0.12670898,0.22009277,0.07763672,145
-495.42236,-500,499.9237,-0.13476562,0.08129883,0.40478516,0.12670898,0.22009277,0.07763672,146
-427.78015,-371.56677,499.9237,-0.14624023,0.005126953,0.37524414,0.13513184,0.25195312,0.1003418,147
-418.2129,-284.89685,499.9237,-0.09057617,-0.061767578,0.31225586,0.13513184,0.25195312,0.1003418,148
-452.7893,-216.61377,499.9237,0.032470703,-0.09277344,0.26000977,0.11279297,0.27612305,0.09741211,149
-477.27966,-151.90125,470.1996,0.10180664,-0.13500977,0.25146484,0.11279297,0.27612305,0.09741211,150
-453.43018,-105.651855,415.84778,0.15185547,-0.14526367,0.28930664,0.11279297,0.27612305,0.09741211,151
-393.96667,-57.113647,393.0359,0.1508789,-0.13110352,0.35595703,0.08166504,0.2878418,0.08496094,152
-309.06677,1.4038086,381.37817,0.10888672,-0.12573242,0.4321289,0.08166504,0.2878418,0.08496094,153
-246.01746,48.065186,385.1776,0.07055664,-0.14013672,0.48657227,0.05529785,0.28857422,0.06518555,154
-182.47986,85.81543,401.9165,0.033935547,-0.13891602,0.5263672,0.05529785,0.28857422,0.06518555,155
-138.83972,118.2251,448.349,-0.00390625,-0.1274414,0.5,0.05529785,0.28857422,0.06518555,156
-119.55261,158.29468,494.15588,-0.061767578,-0.16040039,0.60375977,0.024169922,0.2980957,0.056396484,157
-117.126465,187.91199,499.9237,-0.080566406,-0.21020508,0.673584,0.024169922,0.2980957,0.056396484,158
-114.89868,212.18872,499.9237,-0.061523438,-0.28027344,0.76000977,-0.020874023,0.30688477,0.03552246,159
-117.40112,199.72229,499.9237,0.025634766,-0.40576172,0.829834,-0.020874023,0.30688477,0.03552246,160
-150.34485,142.21191,499.9237,0.16625977,-0.59716797,0.8508301,-0.020874023,0.30688477,0.03552246,161
-242.79785,48.294067,499.9237,0.33129883,-0.7692871,0.83496094,-0.07067871,0.31384277,0.030395508,162
-335.99854,-40.46631,499.9237,0.4272461,-0.87597656,0.8376465,-0.07067871,0.31384277,0.030395508,163
-433.45642,-93.307495,499.9237,0.48095703,-0.97509766,0.8625488,-0.07067871,0.3050537,-0.0036621094,164
-493.80493,-109.375,415.5121,0.48950195,-0.99194336,0.94140625,-0.10803223,0.3050537,-0.0036621094,165
-499.90845,-110.90088,322.86072,0.55029297,-1.0620117,1.0280762,-0.10803223,0.3050537,-0.0036621094,166
-496.97876,-88.85193,276.8097,0.55029297,-1.0344238,1.1135254,-0.1237793,0.2911377,-0.03515625,167
-485.45837,-57.403564,260.86426,0.53149414,-0.9824219,1.2160645,-0.1237793,0.2911377,-0.03515625,168
-460.083,-24.475098,258.49915,0.49243164,-0.9511719,1.3000488,-0.1237793,0.2911377,-0.0637207,169
-440.9027,10.818481,231.73523,0.48339844,-0.89697266,1.3723145,-0.13549805,0.26257324,-0.0637207,170
-333.4198,53.55835,170.82214,0.4951172,-0.8959961,1.4472656,-0.13549805,0.26257324,-0.0637207,171
-178.05481,62.698364,113.49487,0.4597168,-0.95751953,1.479248,-0.1472168,0.23510742,-0.083496094,172
-13.183594,81.726074,78.186035,0.40234375,-0.9851074,1.4785156,-0.1472168,0.23510742,-0.083496094,173
105.07202,83.19092,88.653564,0.39233398,-0.98046875,1.4882812,-0.1472168,0.23474121,-0.08862305,174
148.26965,85.40344,105.026245,0.3803711,-1.0151367,1.4841309,-0.15893555,0.23474121,-0.08862305,175
195.41931,80.79529,99.746704,0.4399414,-1.0732422,1.4968262,-0.15893555,0.23474121,-0.08862305,176
230.59082,73.25745,64.88037,0.5078125,-1.1621094,1.5246582,-0.16955566,0.2409668,-0.080566406,177
265.59448,67.855835,31.12793,0.5888672,-1.2365723,1.5373535,-0.16955566,0.2409668,-0.080566406,178
265.7013,51.483154,-17.028809,0.67749023,-1.284668,1.527832,-0.16955566,0.2409668,-0.080566406,179
244.04907,25.970459,-80.78003,0.75683594,-1.3227539,1.4936523,-0.1743164,0.25378418,-0.06335449,180
210.72388,-0.91552734,-130.17273,0.8222656,-1.3339844,1.4526367,-0.1743164,0.25378418,-0.06335449,181
194.19861,-36.697388,-171.11206,0.86816406,-1.3112793,1.3752441,-0.16882324,0.27282715,-0.047607422,182
197.32666,-86.73096,-206.604,0.92333984,-1.2607422,1.2839355,-0.16882324,0.27282715,-0.047607422,183
195.69397,-119.35425,-247.57385,0.967041,-1.2023926,1.1916504,-0.16882324,0.27282715,-0.047607422,184
180.96924,-155.31921,-293.4723,0.9836426,-1.1342773,1.098877,-0.15014648,0.29516602,-0.037353516,185
172.86682,-167.08374,-337.64648,0.97802734,-1.0705566,1.0163574,-0.15014648,0.29516602,-0.037353516,186
187.85095,-165.34424,-372.57385,0.9614258,-1.0002441,0.9667969,-0.12121582,0.30578613,-0.021240234,187
202.77405,-155.39551,-410.5072,0.9477539,-0.8989258,0.9355469,-0.12121582,0.30578613,-0.021240234,188
221.84753,-123.27576,-458.03833,0.920166,-0.8046875,0.9157715,-0.12121582,0.30578613,-0.021240234,189
234.90906,-97.54944,-499.96948,0.8725586,-0.7036133,0.90625,-0.087890625,0.31713867,-0.010620117,190
270.43152,-48.52295,-500,0.81274414,-0.56640625,0.8869629,-0.087890625,0.31713867,-0.010620117,191
313.2782,-11.59668,-500,0.7109375,-0.42504883,0.8564453,-0.053100586,0.3149414,0.009521484,192
356.32324,22.79663,-500,0.5891113,-0.2734375,0.80908203,-0.053100586,0.3149414,0.009521484,193
414.87122,86.883545,-500,0.31518555,-0.0637207,0.6850586,-0.02746582,0.30688477,0.034057617,195
435.7605,132.14111,-500,0.20141602,0.049804688,0.6376953,-0.02746582,0.30688477,0.034057617,196
467.9718,179.07715,-500,0.05810547,0.14868164,0.6027832,0.005493164,0.29333496,0.056396484,197
486.1145,244.20166,-500,-0.045410156,0.26391602,0.5734863,0.005493164,0.29333496,0.056396484,198
489.68506,295.56274,-500,-0.118652344,0.3112793,0.5419922,0.005493164,0.29333496,0.056396484,199
477.6001,323.1964,-487.47253,-0.10888672,0.28881836,0.4921875,0.032226562,0.27355957,0.06335449,200
417.55676,310.28748,-478.0121,-0.025878906,0.22363281,0.43896484,0.032226562,0.27355957,0.06335449,201
333.64868,265.1062,-499.51172,0.09399414,0.12963867,0.38623047,0.039916992,0.24975586,0.072143555,202
227.17285,218.44482,-500,0.1862793,0.06958008,0.36572266,0.039916992,0.24975586,0.072143555,203
119.1864,177.41394,-500,0.20776367,0.0690918,0.40014648,0.039916992,0.24975586,0.072143555,204
65.68909,172.79053,-500,0.16699219,0.1315918,0.49169922,0.064086914,0.22558594,0.07104492,205
51.92566,209.21326,-500,0.061523438,0.2241211,0.640625,0.064086914,0.22558594,0.07104492,206
95.76416,266.52527,-500,-0.111083984,0.35327148,0.8286133,0.083496094,0.19042969,0.059692383,207
181.06079,315.7196,-500,-0.28295898,0.5041504,0.95532227,0.083496094,0.19042969,0.059692383,208
356.68945,390.12146,-466.61377,-0.5908203,0.73095703,0.9892578,0.080566406,0.14428711,0.037719727,210
401.45874,395.49255,-393.0664,-0.6765137,0.7727051,0.92211914,0.080566406,0.14428711,0.037719727,211
394.66858,409.3628,-321.64,-0.72143555,0.7705078,0.8562012,0.080566406,0.1307373,0.024536133,212
343.73474,444.96155,-249.05396,-0.7495117,0.7258301,0.8745117,0.076538086,0.1307373,0.024536133,213
300.1709,479.14124,-194.90051,-0.75805664,0.6516113,0.9729004,0.076538086,0.1307373,0.024536133,214
211.76147,472.68677,-171.3562,-0.7026367,0.48339844,1.2011719,0.057495117,0.12634277,0.0032958984,216
141.57104,431.39648,-196.44165,-0.69921875,0.41357422,1.2800293,0.057495117,0.12634277,0.0032958984,217
2.1514893,357.7118,-212.55493,-0.7558594,0.40649414,1.4355469,0.027832031,0.103271484,-0.023803711,218
-82.53479,291.9159,-216.09497,-0.8552246,0.46948242,1.6774902,0.027832031,0.103271484,-0.023803711,219
-80.91736,225.20447,-204.9408,-0.9482422,0.5583496,1.885498,0.008422852,0.0904541,-0.043945312,220
23.773193,170.34912,-146.39282,-1.1462402,0.689209,2.0993652,0.008422852,0.0904541,-0.043945312,221
136.30676,118.20984,-5.4779053,-1.2939453,0.84643555,2.1967773,0.008422852,0.0904541,-0.052001953,222
191.32996,62.713623,115.234375,-1.3747559,0.9248047,2.21167,-0.009887695,0.07397461,-0.052001953,223
213.1958,-13.778687,228.14941,-1.3081055,0.89404297,2.2163086,-0.009887695,0.07397461,-0.052001953,224
233.79517,-98.41919,272.67456,-1.140625,0.78125,2.2131348,-0.009155273,0.095214844,-0.045410156,225
269.7754,-177.04773,284.74426,-0.9802246,0.66918945,2.1520996,-0.009155273,0.095214844,-0.045410156,226
278.8391,-234.61914,296.32568,-0.85498047,0.58081055,2.024414,-0.009155273,0.095214844,-0.045410156,227
250.19836,-258.65173,319.87,-0.7553711,0.5126953,1.8178711,0.019042969,0.14318848,-0.028198242,228
208.9386,-252.38037,329.28467,-0.673584,0.4465332,1.6462402,0.019042969,0.14318848,-0.028198242,229
167.92297,-236.32812,327.48413,-0.5974121,0.35327148,1.5419922,0.036987305,0.1875,-0.011352539,230
163.40637,-213.1195,325.51575,-0.52197266,0.28833008,1.5004883,0.036987305,0.1875,-0.011352539,231
190.7196,-198.33374,326.35498,-0.46850586,0.25585938,1.5058594,0.036987305,0.1875,-0.011352539,232
226.36414,-194.39697,329.81873,-0.39038086,0.23754883,1.4929199,0.041381836,0.21569824,0.01171875,233
276.35193,-217.60559,332.36694,-0.2993164,0.20654297,1.4262695,0.041381836,0.21569824,0.01171875,234
305.11475,-242.30957,321.04492,-0.20678711,0.16723633,1.3320312,0.041015625,0.24682617,0.03955078,235
313.9038,-269.37866,308.28857,-0.11230469,0.10253906,1.2109375,0.041015625,0.24682617,0.03955078,236
311.7981,-280.89905,271.72852,-0.024169922,0.041015625,1.1115723,0.041015625,0.24682617,0.03955078,237
317.1997,-286.30066,244.1101,0.037841797,-0.005126953,1.0285645,0.045043945,0.28015137,0.06994629,238
338.6078,-279.00696,218.88733,0.075927734,-0.045166016,0.9238281,0.045043945,0.28015137,0.06994629,239
348.114,-258.4076,207.22961,0.09814453,-0.107421875,0.81689453,0.04284668,0.29882812,0.10070801,240
318.7256,-254.57764,196.94519,0.095458984,-0.17333984,0.72802734,0.04284668,0.29882812,0.10070801,241
275.19226,-252.42615,180.75562,0.11376953,-0.24389648,0.6369629,0.04284668,0.29882812,0.10070801,242
241.11938,-277.83203,168.396,0.15454102,-0.32885742,0.57470703,0.03515625,0.3083496,0.13842773,243
217.1936,-310.45532,159.22546,0.19018555,-0.4099121,0.515625,0.03515625,0.3083496,0.13842773,244
169.47937,-354.2633,137.83264,0.24291992,-0.48583984,0.46777344,0.02746582,0.3149414,0.15856934,245
109.16138,-438.11035,116.13464,0.29003906,-0.57666016,0.43041992,0.02746582,0.3149414,0.15856934,246
46.76819,-499.95422,94.72656,0.3178711,-0.6723633,0.39746094,0.02746582,0.3149414,0.15856934,247
-29.876709,-500,54.656982,0.3088379,-0.7248535,0.35205078,0.01171875,0.31018066,0.18566895,248
-79.48303,-500,87.61597,0.23095703,-0.7570801,0.30737305,0.01171875,0.31018066,0.18566895,249
-152.75574,-500,96.87805,0.17700195,-0.74316406,0.18945312,0.009521484,0.32299805,0.20983887,250
-234.9701,-500,59.768677,0.1875,-0.68603516,0.15917969,0.009521484,0.32299805,0.20983887,251
-243.11829,-500,26.84021,0.18823242,-0.67089844,0.12036133,0.009521484,0.32299805,0.20983887,252
-245.224,-500,21.713257,0.19702148,-0.67822266,0.091552734,0.010986328,0.34020996,0.21936035,253
-256.60706,-500,31.5094,0.18188477,-0.6921387,0.016357422,0.010986328,0.34020996,0.21936035,254
-290.6189,-500,54.04663,0.16503906,-0.7158203,-0.07470703,-0.0018310547,0.34094238,0.22155762,255
-352.0813,-497.54333,69.869995,0.15991211,-0.7470703,-0.12792969,-0.0018310547,0.34094238,0.22155762,0
-413.1775,-469.48242,70.80078,0.1796875,-0.7871094,-0.1459961,-0.0018310547,0.34094238,0.22155762,1
-471.95435,-425.5829,42.007446,0.1772461,-0.84033203,-0.08984375,-0.01940918,0.3479004,0.21057129,2
-477.09656,-366.62292,19.77539,0.16821289,-0.8720703,-0.0053710938,-0.01940918,0.3479004,0.21057129,3
-436.0504,-291.85486,17.486572,0.15332031,-0.89941406,0.07324219,-0.01940918,0.3479004,0.27612305,4
-369.1101,-226.25732,33.676147,0.13330078,-0.9519043,0.21826172,-0.01977539,0.3544922,0.18237305,5
-313.6139,-188.17139,53.16162,0.12573242,-1.0180664,0.24536133,-0.01977539,0.3544922,0.18237305,6
-282.3944,-169.8761,80.36804,0.12402344,-1.0541992,0.265625,-0.043945312,0.33398438,0.1607666,7
-263.83972,-159.97314,88.638306,0.083740234,-1.0751953,0.29003906,-0.043945312,0.33398438,0.1607666,8
-248.4436,-172.88208,96.51184,0.07470703,-1.1296387,0.33154297,-0.043945312,0.33398438,0.1607666,9
-121.9635,-184.41772,29.09851,0.083984375,-1.2502441,0.40063477,-0.061157227,0.32373047,0.14758301,11
-75.37842,-195.95337,25.878906,0.06567383,-1.2902832,0.3935547,-0.06225586,0.3244629,0.14282227,12
-22.842407,-175.99487,9.719849,0.032958984,-1.3295898,0.38623047,-0.06225586,0.3244629,0.14282227,13
2.1209717,-158.9508,6.0424805,-0.048339844,-1.3864746,0.39282227,-0.06225586,0.3244629,0.14318848,14
61.141968,-145.52307,18.127441,-0.10058594,-1.4482422,0.35717773,-0.06188965,0.32336426,0.14318848,15
123.71826,-131.82068,42.022705,-0.10424805,-1.5214844,0.29833984,-0.06188965,0.32336426,0.14318848,16
115.50903,-170.66956,76.35498,-0.1027832,-1.6157227,0.1862793,-0.0703125,0.3215332,0.1505127,17
89.37073,-109.92432,60.287476,-0.099365234,-1.770752,-0.09423828,-0.0703125,0.3215332,0.1505127,18
-116.19568,-58.441162,4.776001,-0.028808594,-1.8532715,-0.5148926,-0.0703125,0.3215332,0.1505127,19
-318.09998,-139.4043,-34.606934,-0.033447266,-1.8666992,-0.35229492,-0.09008789,0.30651855,0.15600586,20
-140.07568,-16.067505,-24.047852,-0.07861328,-1.9082031,0.00048828125,-0.09008789,0.30651855,0.15600586,21
-58.395386,-80.00183,-27.755737,-0.12060547,-1.9394531,0.26757812,-0.0871582,0.3010254,0.13989258,22
-7.171631,-47.11914,-73.776245,-0.11279297,-1.942627,0.19091797,-0.0871582,0.3010254,0.13989258,23
-26.885986,-78.65906,-70.80078,-0.1262207,-1.8708496,0.083984375,-0.0871582,0.3010254,0.13989258,24
-47.332764,-88.04321,-51.132202,-0.13232422,-1.822998,0.008544922,-0.111328125,0.27172852,0.13842773,25
6.713867,-97.42737,-47.683716,-0.14770508,-1.7705078,0.18774414,-0.111328125,0.27172852,0.13842773,26
84.06067,-79.29993,-44.75403,-0.12573242,-1.7160645,0.2277832,-0.1105957,0.2644043,0.14245605,27
124.14551,-81.74133,-43.22815,-0.11035156,-1.6843262,0.22949219,-0.1105957,0.2644043,0.14245605,28
160.47668,-58.95996,-50.949097,-0.09277344,-1.6833496,0.25439453,-0.1105957,0.2644043,0.14245605,29
204.55933,-53.649902,-55.480957,-0.061767578,-1.689209,0.31323242,-0.110961914,0.26220703,0.15600586,30
225.81482,-57.678223,-91.44592,-0.017333984,-1.7268066,0.3449707,-0.110961914,0.26220703,0.15600586,31
79.6051,-217.88025,-228.7445,0.083496094,-1.3408203,0.3227539,-0.095581055,0.25671387,0.1907959,35
77.59094,-223.93799,-193.77136,0.046875,-1.1916504,0.32202148,-0.095581055,0.25671387,0.1907959,36
114.974976,-177.88696,-185.7605,-0.028808594,-1.0380859,0.38183594,-0.07836914,0.25598145,0.20141602,37
178.11584,-118.270874,-187.13379,-0.13232422,-0.935791,0.45410156,-0.07836914,0.25598145,0.20141602,38
242.50793,-76.690674,-189.40735,-0.21655273,-0.829834,0.48242188,-0.07836914,0.25598145,0.20141602,39
311.26404,-26.71814,-194.62585,-0.28759766,-0.74438477,0.48413086,-0.06628418,0.25305176,0.2208252,40
366.8213,19.53125,-195.41931,-0.36938477,-0.66918945,0.45776367,-0.06628418,0.25305176,0.2208252,41
385.55908,41.900635,-180.60303,-0.45141602,-0.5698242,0.4140625,-0.06188965,0.22888184,0.23986816,42
411.27014,61.9812,-166.10718,-0.5136719,-0.48950195,0.3696289,-0.06188965,0.22888184,0.23986816,43
460.02197,110.076904,-128.25012,-0.5666504,-0.40185547,0.3305664,-0.06188965,0.22888184,0.23986816,44
462.76855,137.68005,-100.90637,-0.5625,-0.36547852,0.25756836,-0.045776367,0.21826172,0.26184082,45
451.44653,164.91699,-85.17456,-0.52319336,-0.36914062,0.2331543,-0.045776367,0.21826172,0.26184082,46
455.9021,195.22095,-85.64758,-0.47583008,-0.38354492,0.2487793,-0.025634766,0.21130371,0.2783203,47
441.9403,203.53699,-97.79358,-0.4140625,-0.39135742,0.24560547,-0.025634766,0.21130371,0.2783203,48
352.47803,179.7638,-149.27673,-0.3605957,-0.38867188,0.24169922,-0.01977539,0.19006348,0.2878418,50
330.2002,176.52893,-167.41943,-0.40356445,-0.35375977,0.2626953,-0.01977539,0.19006348,0.2878418,51
313.7207,158.844,-188.87329,-0.43041992,-0.30200195,0.30151367,-0.01977539,0.19006348,0.2878418,52
326.84326,167.2821,-197.11304,-0.46289062,-0.20800781,0.28564453,-0.0036621094,0.17028809,0.2977295,53
306.56433,172.37854,-200.25635,-0.47460938,-0.123046875,0.2121582,-0.0036621094,0.17028809,0.2977295,54
286.4685,194.15283,-184.41772,-0.5024414,-0.01171875,0.18774414,0.021240234,0.15820312,0.30249023,55
324.52393,248.82507,-154.70886,-0.56591797,0.06640625,0.21801758,0.021240234,0.15820312,0.30249023,56
341.26282,272.995,-159.33228,-0.54833984,0.084472656,0.22045898,0.021240234,0.15820312,0.30249023,57
323.74573,284.92737,-131.36292,-0.5517578,0.092285156,0.2368164,0.030395508,0.13513184,0.29882812,58
301.4984,290.4358,-100.66223,-0.55249023,0.068847656,0.24804688,0.030395508,0.13513184,0.29882812,59
212.90588,266.3269,-100.05188,-0.5620117,-0.022705078,0.38671875,0.038085938,0.10839844,0.36950684,62
192.3523,281.55518,-132.49207,-0.5437012,0.057617188,0.40771484,0.052001953,0.10180664,0.27575684,63
171.3562,273.04077,-157.65381,-0.62402344,-0.022460938,0.4255371,0.052001953,0.10180664,0.27575684,64
195.78552,318.96973,-183.85315,-0.69799805,0.0041503906,0.48388672,0.059326172,0.091918945,0.26513672,65
209.0149,351.7151,-154.92249,-0.9140625,0.064208984,0.52685547,0.059326172,0.091918945,0.26513672,66
221.90857,375.2594,-122.43652,-1.0842285,0.12231445,0.546875,0.059326172,0.091918945,0.26513672,67
225.18921,378.8147,-69.64111,-1.2333984,0.12597656,0.5805664,0.0670166,0.068115234,0.23876953,68
228.8208,376.02234,-44.708252,-1.3286133,0.22265625,0.5776367,0.0670166,0.068115234,0.23876953,69
196.42639,326.32446,-23.971558,-1.4169922,0.21118164,0.63500977,0.068115234,0.05859375,0.21130371,70
182.2815,297.2412,31.99768,-1.5566406,0.15112305,0.70336914,0.068115234,0.05859375,0.21130371,71
160.5072,265.64026,43.36548,-1.5895996,0.16357422,0.73291016,0.068115234,0.05859375,0.21130371,72
108.74939,188.78174,-71.7926,-1.5991211,0.09692383,0.73535156,0.06591797,0.057495117,0.19555664,73
106.414795,120.19348,-178.42102,-1.7333984,0.123291016,0.79589844,0.06591797,0.057495117,0.19555664,74
124.053955,98.61755,-192.93213,-1.9572754,0.24975586,0.78100586,0.072143555,0.05090332,0.18603516,75
107.40662,73.47107,-161.37695,-2.2421875,0.36254883,0.7282715,0.072143555,0.05090332,0.18603516,76
110.88562,44.58618,-88.4552,-2.527588,0.46948242,0.7324219,0.072143555,0.05090332,0.18603516,77
102.61536,5.279541,3.616333,-2.7041016,0.5280762,0.73950195,0.06665039,0.03479004,0.1809082,78
68.8324,-72.87598,105.148315,-2.7561035,0.5734863,0.7324219,0.06665039,0.03479004,0.1809082,79
7.1868896,-165.05432,186.24878,-2.6657715,0.56591797,0.72924805,0.06591797,0.033325195,0.18383789,80
-46.051025,-242.67578,248.42834,-2.517334,0.5361328,0.7702637,0.06591797,0.033325195,0.18383789,81
-88.1958,-316.6809,284.729,-2.286621,0.47631836,0.78027344,0.06591797,0.033325195,0.18383789,82
-145.35522,-381.4392,284.14917,-2.0788574,0.41503906,0.7487793,0.07543945,0.064086914,0.2076416,83
-184.58557,-414.70337,273.26965,-1.9050293,0.39208984,0.7224121,0.07543945,0.064086914,0.2076416,84
-200.50049,-427.41394,260.98633,-1.7570801,0.38452148,0.7077637,0.07873535,0.10107422,0.23547363,85
-192.94739,-420.7306,245.42236,-1.6796875,0.39257812,0.701416,0.07873535,0.10107422,0.23547363,86
-186.47766,-406.662,245.9259,-1.6323242,0.41381836,0.69384766,0.07873535,0.10107422,0.23547363,87
-172.42432,-387.05444,262.9547,-1.576416,0.43896484,0.66259766,0.07324219,0.12670898,0.26000977,88
-165.92407,-362.13684,254.18091,-1.4650879,0.45776367,0.61206055,0.07324219,0.12670898,0.26000977,89
-171.47827,-345.5963,242.63,-1.3203125,0.4501953,0.5263672,0.07324219,0.14538574,0.27905273,90
-187.72888,-339.99634,224.24316,-1.1833496,0.41748047,0.47875977,0.059692383,0.14538574,0.27905273,91
-192.06238,-337.14294,206.06995,-1.0546875,0.36254883,0.47314453,0.059692383,0.14538574,0.27905273,92
-214.01978,-350.46387,184.41772,-0.94555664,0.30859375,0.45239258,0.0435791,0.16479492,0.29370117,93
-241.65344,-366.13464,152.58789,-0.88134766,0.25170898,0.41186523,0.0435791,0.16479492,0.29370117,94
-272.583,-376.1444,137.75635,-0.84350586,0.20043945,0.38110352,0.029296875,0.18640137,0.3050537,95
-294.8761,-377.9602,132.2937,-0.8383789,0.16381836,0.3635254,0.029296875,0.18640137,0.3050537,96
-297.89734,-367.8894,125.41199,-0.8557129,0.12841797,0.37060547,0.029296875,0.18640137,0.3050537,97
-290.7257,-350.83008,130.90515,-0.8625488,0.10083008,0.37231445,0.018676758,0.20288086,0.30981445,98
-294.8761,-344.48242,125.47302,-0.8232422,0.06542969,0.3623047,0.018676758,0.20288086,0.30981445,99
-298.6145,-337.14294,117.53845,-0.78564453,0.01586914,0.36547852,0.018676758,0.20288086,0.30981445,100
-304.6112,-328.36914,111.55701,-0.74609375,-0.030273438,0.38500977,0.0018310547,0.2241211,0.31311035,101
-308.67004,-325.36316,104.156494,-0.70336914,-0.09692383,0.40893555,0.0018310547,0.2241211,0.31311035,102
-316.71143,-332.4585,88.48572,-0.64331055,-0.16601562,0.42651367,-0.022705078,0.23803711,0.31018066,103
-340.24048,-342.49878,68.20679,-0.59814453,-0.21875,0.44482422,-0.022705078,0.23803711,0.31018066,104
-362.4878,-354.98047,55.664062,-0.54003906,-0.265625,0.4621582,-0.022705078,0.23803711,0.31018066,105
-376.77002,-365.17334,36.453247,-0.46240234,-0.29467773,0.47802734,-0.03552246,0.2545166,0.29882812,106
-383.16345,-364.7461,8.148193,-0.38134766,-0.31323242,0.48535156,-0.03552246,0.2545166,0.29882812,107
-378.5553,-358.03223,-15.838623,-0.3161621,-0.32983398,0.49194336,-0.0435791,0.27722168,0.2911377,108
-374.25232,-335.64758,-36.972046,-0.28173828,-0.31201172,0.48095703,-0.0435791,0.27722168,0.2911377,109
-385.4828,-310.21118,-34.606934,-0.29541016,-0.28125,0.4645996,-0.0435791,0.27722168,0.2911377,110
-404.47998,-282.25708,1.4190674,-0.37402344,-0.29101562,0.50805664,-0.051635742,0.2841797,0.27392578,111
-428.78723,-269.37866,50.88806,-0.39990234,-0.4074707,0.6057129,-0.051635742,0.2841797,0.27392578,112
-451.03455,-288.45215,72.21985,-0.35058594,-0.62597656,0.69677734,-0.06665039,0.29736328,0.2581787,113
-473.72437,-318.43567,70.44983,-0.22241211,-0.86328125,0.7709961,-0.06665039,0.29736328,0.2581787,114
-487.64038,-350.03662,36.66687,-0.07885742,-1.1049805,0.8339844,-0.06665039,0.29736328,0.2581787,115
-480.42297,-371.58203,-6.2408447,0.052734375,-1.3276367,0.89331055,-0.06738281,0.31750488,0.22961426,116
-440.96375,-362.09106,-54.870605,0.15405273,-1.4755859,0.89941406,-0.06738281,0.31750488,0.22961426,117
-397.20154,-331.43616,-117.79785,0.19750977,-1.5397949,0.8671875,-0.06921387,0.3248291,0.20874023,118
-315.3839,-277.34375,-137.146,0.15234375,-1.5515137,0.8388672,-0.06921387,0.3248291,0.20874023,119
-223.87695,-210.83069,-143.219,0.078125,-1.5380859,0.8144531,-0.06921387,0.3248291,0.20874023,120
-153.97644,-142.12036,-142.25769,-0.025390625,-1.5070801,0.7788086,-0.06518555,0.32263184,0.19152832,121
-97.25952,-92.49878,-123.38257,-0.12866211,-1.4851074,0.7236328,-0.06518555,0.32263184,0.19152832,122
-65.704346,-70.19043,-107.543945,-0.19726562,-1.4760742,0.6472168,-0.07067871,0.3112793,0.18347168,123
-58.135986,-59.9823,-89.401245,-0.24389648,-1.4785156,0.5810547,-0.07067871,0.3112793,0.18347168,124
-56.030273,-62.22534,-73.47107,-0.25585938,-1.4938965,0.49291992,-0.07067871,0.3112793,0.18347168,125
-81.451416,-80.841064,-72.99805,-0.23657227,-1.5283203,0.42504883,-0.07104492,0.3043213,0.18603516,126
-95.68787,-92.84973,-74.035645,-0.24560547,-1.5576172,0.3815918,-0.07104492,0.3043213,0.18603516,127
-100.18921,-97.32056,-38.360596,-0.3076172,-1.5708008,0.34814453,-0.06774902,0.30285645,0.18310547,128
-89.18762,-93.38379,-5.996704,-0.38232422,-1.5544434,0.3251953,-0.06774902,0.30285645,0.18310547,129
-85.128784,-89.59961,26.59607,-0.42138672,-1.5463867,0.29907227,-0.06774902,0.30285645,0.18310547,130
-70.80078,-92.7887,45.944214,-0.43139648,-1.5578613,0.27539062,-0.06335449,0.3050537,0.17944336,131
-56.152344,-88.04321,55.57251,-0.41967773,-1.6057129,0.28442383,-0.06335449,0.3050537,0.17944336,132
-46.966553,-75.33264,67.67273,-0.40161133,-1.6682129,0.3269043,-0.0670166,0.31274414,0.1772461,133
-13.320923,-69.51904,77.27051,-0.34936523,-1.760498,0.39697266,-0.0670166,0.31274414,0.1772461,134
31.49414,-56.18286,68.63403,-0.2529297,-1.8383789,0.41992188,-0.0670166,0.31274414,0.1772461,135
54.1687,-54.016113,74.783325,-0.20166016,-1.8554688,0.42993164,-0.07067871,0.3112793,0.1776123,136
96.81702,-43.35022,91.96472,-0.2487793,-1.8371582,0.47045898,-0.07067871,0.3112793,0.1776123,137
133.19397,-30.014038,96.450806,-0.17382812,-1.8205566,0.48999023,-0.07067871,0.31860352,0.1842041,138
168.07556,-11.749268,100.05188,-0.1706543,-1.7841797,0.49536133,-0.07141113,0.31860352,0.1842041,139
205.1239,17.532349,116.68396,-0.19580078,-1.7312012,0.48291016,-0.07141113,0.31860352,0.1842041,140
235.19897,45.76111,132.61414,-0.23608398,-1.6708984,0.47924805,-0.07727051,0.3182373,0.1940918,141
270.93506,79.330444,142.56287,-0.26049805,-1.605957,0.47802734,-0.07727051,0.3182373,0.1940918,142
296.38672,98.38867,139.00757,-0.25952148,-1.5529785,0.47387695,-0.07727051,0.31677246,0.2109375,143
315.9027,106.536865,126.35803,-0.25634766,-1.4921875,0.4638672,-0.08935547,0.31677246,0.2109375,144
328.26233,119.03381,119.82727,-0.2932129,-1.3881836,0.42578125,-0.08935547,0.31677246,0.2109375,145
336.91406,133.11768,126.49536,-0.3527832,-1.2661133,0.38378906,-0.09375,0.3076172,0.23217773,146
341.58325,144.47021,127.471924,-0.3737793,-1.1398926,0.36767578,-0.09375,0.3076172,0.23217773,147
337.44812,149.07837,121.170044,-0.35131836,-1.0427246,0.33032227,-0.09375,0.3076172,0.23217773,148
321.8994,151.3977,108.932495,-0.31835938,-0.9526367,0.29003906,-0.0970459,0.30615234,0.24975586,149
326.37024,163.17749,115.06653,-0.32055664,-0.859375,0.29541016,-0.0970459,0.30615234,0.24975586,150
334.21326,193.80188,135.68115,-0.33740234,-0.7492676,0.28588867,-0.10144043,0.30065918,0.27209473,151
327.33154,220.06226,142.89856,-0.3269043,-0.6594238,0.23364258,-0.10144043,0.30065918,0.27209473,152
315.7196,229.49219,132.64465,-0.2788086,-0.60668945,0.20092773,-0.10144043,0.30065918,0.27209473,153
291.51917,233.30688,98.32764,-0.22094727,-0.57958984,0.18115234,-0.10876465,0.28930664,0.29406738,154
277.72522,233.04749,48.965454,-0.16748047,-0.564209,0.18603516,-0.10876465,0.28930664,0.29406738,155
301.2085,236.98425,48.690796,-0.19262695,-0.5192871,0.23535156,-0.099975586,0.2845459,0.3076172,156
310.89783,270.3247,91.59851,-0.36694336,-0.44604492,0.2631836,-0.099975586,0.2845459,0.3076172,157
295.74585,296.15784,106.796265,-0.37939453,-0.40283203,0.22924805,-0.099975586,0.2845459,0.3076172,158
267.2882,294.78455,80.03235,-0.3071289,-0.40185547,0.18066406,-0.09741211,0.26843262,0.31896973,159
236.66382,302.5818,28.85437,-0.20507812,-0.40893555,0.16113281,-0.09741211,0.26843262,0.31896973,160
216.52222,322.09778,-43.85376,-0.08325195,-0.40844727,0.17919922,-0.08496094,0.26586914,0.3277588,161
212.4176,347.4884,-111.41968,-0.0009765625,-0.40161133,0.21557617,-0.08496094,0.26586914,0.3277588,162
213.88245,382.9956,-179.85535,0.06958008,-0.37524414,0.2668457,-0.08496094,0.26586914,0.3277588,163
229.06494,395.9961,-272.3999,0.13354492,-0.3491211,0.3696289,-0.06188965,0.25854492,0.32885742,164
272.15576,401.30615,-334.51843,0.099853516,-0.28564453,0.4909668,-0.06188965,0.25854492,0.32885742,165
324.11194,382.69043,-367.69104,-0.022949219,-0.21533203,0.6477051,-0.028930664,0.24133301,0.33691406,166
411.7279,388.90076,-344.72656,-0.23071289,-0.103027344,0.7687988,-0.028930664,0.24133301,0.33691406,167
436.1267,401.64185,-320.06836,-0.38891602,0.016113281,0.7529297,-0.028930664,0.24133301,0.33691406,168
422.9889,443.19153,-348.14453,-0.5515137,0.1977539,0.56811523,0.006225586,0.20397949,0.34020996,170
390.27405,482.2998,-383.71277,-0.5617676,0.27001953,0.4794922,0.033325195,0.1673584,0.32702637,171
336.91406,499.9237,-442.76428,-0.532959,0.3408203,0.38891602,0.033325195,0.1673584,0.32702637,172
274.5819,499.9237,-499.72534,-0.5109863,0.40673828,0.35888672,0.033325195,0.1673584,0.32702637,173
251.52588,499.9237,-500,-0.55810547,0.45385742,0.45874023,0.06774902,0.12670898,0.30065918,174
279.98352,499.9237,-500,-0.70703125,0.53686523,0.6513672,0.06774902,0.12670898,0.30065918,175
285.7666,499.9237,-470.13855,-0.81396484,0.64404297,0.77001953,0.0970459,0.08129883,0.26953125,176
298.23303,499.588,-419.32678,-0.94506836,0.6906738,0.84155273,0.0970459,0.08129883,0.26953125,177
311.15723,480.13306,-380.24902,-1.0878906,0.7932129,0.9199219,0.0970459,0.08129883,0.26953125,178
323.59314,432.8003,-398.5138,-1.2927246,1.0043945,0.970459,0.115722656,0.055664062,0.23474121,179
370.9259,405.4718,-439.95667,-1.4765625,1.2404785,0.9760742,0.115722656,0.055664062,0.23474121,180
420.79163,382.1106,-493.2251,-1.6804199,1.5092773,0.89990234,0.115722656,0.0234375,0.20471191,181
450.37842,363.0066,-500,-1.9155273,1.8508301,0.6777344,0.12451172,0.0234375,0.20471191,182
341.01868,317.276,-478.1494,-2.0229492,2.0478516,0.4663086,0.12451172,0.0234375,0.20471191,183
225.0824,271.78955,-379.9286,-2.0932617,2.121338,0.3466797,0.13806152,0.0029296875,0.17138672,184
114.105225,242.15698,-162.18567,-2.1916504,2.081543,0.40527344,0.13806152,0.0029296875,0.17138672,185
22.79663,223.58704,43.07556,-2.3081055,2.0187988,0.4934082,0.13806152,0.0029296875,0.14978027,186
-48.217773,180.4657,195.93811,-2.4057617,1.9035645,0.5878906,0.14355469,-0.005126953,0.14978027,187
-137.23755,98.80066,349.01428,-2.4472656,1.793457,0.64624023,0.14355469,-0.005126953,0.14978027,188
-235.1532,4.4555664,499.05396,-2.4995117,1.7321777,0.6730957,0.14172363,0.0087890625,0.14318848,189
-333.92334,-78.78113,499.9237,-2.5131836,1.7080078,0.72998047,0.14172363,0.0087890625,0.14318848,190
-406.78406,-164.07776,499.9237,-2.4240723,1.6772461,0.8256836,0.14172363,0.06518555,0.14904785,191
-430.14526,-232.74231,499.9237,-2.2612305,1.4455566,0.93066406,0.15344238,0.06518555,0.14904785,192
-397.15576,-291.51917,499.9237,-2.0371094,1.2026367,1.0571289,0.15344238,0.06518555,0.14904785,193
-339.81323,-361.12976,499.9237,-1.8620605,0.9230957,1.1704102,0.1538086,0.1204834,0.16882324,194
-291.6565,-425.41504,485.83984,-1.7141113,0.734375,1.2160645,0.1538086,0.1204834,0.16882324,195
-245.91064,-479.24805,367.7063,-1.6242676,0.6135254,1.1611328,0.1538086,0.1204834,0.16882324,196
-225.98267,-499.83215,320.99915,-1.5432129,0.56396484,1.0212402,0.14172363,0.15637207,0.19592285,197
-220.21484,-499.90845,302.12402,-1.4785156,0.5498047,0.88842773,0.14172363,0.15637207,0.19592285,198
-210.55603,-495.34607,295.59326,-1.4538574,0.56811523,0.7553711,0.13476562,0.18310547,0.23144531,199
-205.49011,-460.43396,317.41333,-1.4189453,0.5949707,0.65234375,0.13476562,0.18310547,0.23144531,200
-209.65576,-436.3861,344.635,-1.3369141,0.59765625,0.56591797,0.13476562,0.18310547,0.23144531,201
-232.91016,-425.64392,380.0354,-1.2370605,0.5722656,0.5131836,0.12011719,0.21057129,0.25634766,202
-261.07788,-418.0298,420.95947,-1.0942383,0.53466797,0.45288086,0.12011719,0.21057129,0.25634766,203
-315.33813,-437.30164,442.65747,-0.92944336,0.48413086,0.40478516,0.09887695,0.24023438,0.27282715,204
-358.9325,-468.1244,447.76917,-0.782959,0.40649414,0.3713379,0.09887695,0.24023438,0.27282715,205
-377.86865,-473.32764,431.0913,-0.7272949,0.36035156,0.35766602,0.09887695,0.24023438,0.27282715,206
-404.44946,-463.8214,386.30676,-0.75512695,0.30981445,0.36865234,0.0670166,0.27648926,0.2750244,207
-397.78137,-421.26465,304.245,-0.6887207,0.13696289,0.35473633,0.03552246,0.3043213,0.27978516,209
-403.656,-417.2058,308.6548,-0.67407227,0.087890625,0.32128906,0.03552246,0.3043213,0.27978516,210
-386.13892,-405.19714,307.312,-0.66967773,0.0637207,0.3388672,0.03552246,0.3043213,0.27978516,211
-380.4779,-427.65808,307.49512,-0.64819336,-0.04248047,0.43896484,0.0014648438,0.32592773,0.2713623,212
-384.59778,-451.41602,300.41504,-0.59814453,-0.16357422,0.54785156,0.0014648438,0.32592773,0.2713623,213
-400.14648,-473.17505,269.40918,-0.51123047,-0.2734375,0.5656738,-0.028198242,0.3486328,0.25378418,214
-425.44556,-493.42346,211.22742,-0.40307617,-0.37890625,0.66186523,-0.028198242,0.3486328,0.25378418,215
-434.78394,-486.06873,170.18127,-0.28198242,-0.43579102,0.6777344,-0.028198242,0.3486328,0.25378418,216
-431.45752,-460.47974,114.19678,-0.19433594,-0.46411133,0.685791,-0.049072266,0.36694336,0.23364258,217
-414.15405,-428.87878,78.33862,-0.17041016,-0.48608398,0.69091797,-0.049072266,0.36694336,0.23364258,218
-390.01465,-392.71545,60.150146,-0.1899414,-0.4716797,0.7043457,-0.068115234,0.37390137,0.21386719,219
-366.42456,-363.64746,40.420532,-0.18920898,-0.45922852,0.74560547,-0.068115234,0.37390137,0.21386719,220
-330.93262,-359.05457,-2.7923584,-0.16333008,-0.4819336,0.7976074,-0.068115234,0.37390137,0.21386719,221
-300.38452,-363.31177,-45.166016,-0.13061523,-0.5332031,0.8186035,-0.076171875,0.37280273,0.1875,222
-286.026,-365.86,-79.84924,-0.103271484,-0.57470703,0.82006836,-0.076171875,0.37280273,0.1875,223
-283.432,-353.05786,-101.66931,-0.092041016,-0.6027832,0.8083496,-0.076171875,0.37316895,0.17028809,224
-285.79712,-330.3833,-99.39575,-0.10498047,-0.6340332,0.7861328,-0.076171875,0.37316895,0.17028809,225
-294.08264,-291.687,-85.90698,-0.11035156,-0.66918945,0.7536621,-0.076171875,0.37316895,0.17028809,226
-310.21118,-260.72693,-74.11194,-0.13232422,-0.7097168,0.7163086,-0.076538086,0.3687744,0.1541748,227
-316.71143,-237.04529,-57.632446,-0.17236328,-0.7404785,0.6999512,-0.076538086,0.3687744,0.1541748,228
-315.7959,-224.92981,-57.57141,-0.23266602,-0.7644043,0.69921875,-0.076538086,0.3618164,0.13439941,229
-325.13428,-226.3794,-58.029175,-0.30541992,-0.80078125,0.7138672,-0.07873535,0.3618164,0.13439941,230
-310.69946,-223.99902,-64.697266,-0.4033203,-0.8383789,0.73095703,-0.07873535,0.3618164,0.13439941,231
-298.56873,-225.15869,-65.719604,-0.47070312,-0.8947754,0.7524414,-0.08276367,0.35009766,0.11315918,232
-300.21667,-222.1222,-55.740356,-0.48388672,-0.967041,0.7607422,-0.08276367,0.35009766,0.11315918,233
-293.82324,-220.85571,-47.836304,-0.46948242,-1.0488281,0.78271484,-0.08276367,0.35009766,0.11315918,234
-241.94336,-161.59058,37.475586,-0.29516602,-1.3500977,1.045166,-0.07543945,0.32885742,0.061157227,239
-218.36853,-188.76648,22.384644,-0.25219727,-1.3359375,1.0441895,-0.07543945,0.32885742,0.061157227,240
-176.37634,-198.349,10.650635,-0.2421875,-1.3105469,1.0500488,-0.07543945,0.32885742,0.061157227,241
-101.16577,-172.95837,4.4403076,-0.2607422,-1.2575684,1.0461426,-0.0703125,0.3244629,0.05126953,242
-51.40686,-137.39014,-24.597168,-0.2841797,-1.1955566,1.0432129,-0.0703125,0.3244629,0.05126953,243
-17.440796,-102.84424,-7.1105957,-0.29516602,-1.1669922,1.0080566,-0.0703125,0.3244629,0.05126953,244
-1.0375977,-61.99646,30.9906,-0.31713867,-1.171875,0.9855957,-0.06555176,0.32702637,0.048706055,245
-7.6904297,-37.857056,57.739258,-0.27905273,-1.2016602,0.99487305,-0.06555176,0.32702637,0.048706055,246
-11.291504,-41.900635,71.28906,-0.19726562,-1.2497559,1.019043,-0.0670166,0.32629395,0.05090332,247
-23.376465,-13.305664,85.64758,-0.21264648,-1.296875,1.0856934,-0.0670166,0.32629395,0.05090332,248
5.9661865,4.501343,85.60181,-0.23803711,-1.3129883,1.1386719,-0.0670166,0.32629395,0.05090332,249
68.17627,-3.9672852,55.29785,-0.2368164,-1.3259277,1.21875,-0.07287598,0.32592773,0.048339844,250
118.30139,-9.536743,45.700073,-0.24609375,-1.315918,1.2441406,-0.07287598,0.32592773,0.048339844,251
157.2113,-5.79834,37.902832,-0.23901367,-1.2641602,1.2055664,-0.07507324,0.3284912,0.057861328,252
190.90271,20.004272,36.77368,-0.28125,-1.203125,1.1445312,-0.07507324,0.3284912,0.057861328,253
361.20605,176.37634,67.092896,-0.40185547,-0.96240234,0.87524414,-0.08239746,0.34313965,0.08862305,1
370.05615,220.07751,57.96814,-0.3544922,-0.7434082,0.71533203,-0.08898926,0.34716797,0.11279297,4
425.10986,297.51587,-57.34253,-0.2175293,-0.6010742,0.6772461,-0.091552734,0.35083008,0.13952637,7
455.7953,297.0276,-127.075195,-0.088134766,-0.5883789,0.69091797,-0.091552734,0.35083008,0.13952637,8
499.9237,278.656,-196.45691,-0.012451172,-0.62109375,0.7495117,-0.08679199,0.35083008,0.1640625,9
499.9237,304.67224,-194.76318,-0.17358398,-0.46044922,0.81274414,-0.08679199,0.35083008,0.1640625,10
499.9237,357.86438,-141.8457,-0.39868164,-0.3347168,0.8051758,-0.06225586,0.3515625,0.20654297,11
499.9237,436.78284,-90.34729,-0.59033203,-0.18359375,0.75341797,-0.06225586,0.3515625,0.20654297,12
499.9237,485.54993,-67.18445,-0.6748047,-0.068603516,0.6672363,-0.06225586,0.3515625,0.20654297,13
499.9237,435.63843,-338.43994,-0.32885742,0.15527344,0.51586914,-0.020507812,0.3079834,0.29187012,16
499.9237,391.08276,-461.0443,-0.20214844,0.2861328,0.4814453,-0.020507812,0.3079834,0.29187012,17
499.9237,354.53796,-500,-0.10864258,0.40161133,0.47460938,-0.020507812,0.3079834,0.29187012,18
499.9237,326.7212,-500,-0.12109375,0.548584,0.50561523,0.030395508,0.2680664,0.3215332,19
499.9237,324.70703,-500,-0.28393555,0.7409668,0.5671387,0.030395508,0.2680664,0.3215332,20
499.9237,335.8307,-500,-0.60424805,0.9445801,0.5661621,0.030395508,0.2680664,0.335083,21
499.9237,324.35608,-500,-0.95703125,1.1828613,0.5986328,0.07836914,0.20690918,0.335083,22
499.9237,309.5703,-500,-1.2739258,1.3564453,0.42749023,0.07836914,0.20690918,0.335083,23
499.9237,270.20264,-500,-1.4108887,1.4553223,0.16088867,0.11242676,0.12927246,0.33288574,24
499.9237,235.04639,-416.25977,-1.4443359,1.4604492,-0.18798828,0.11242676,0.12927246,0.33288574,25
499.6643,202.13318,-330.36804,-1.4072266,1.392334,-0.33569336,0.11242676,0.12927246,0.33288574,26
377.57874,192.74902,-218.21594,-1.3410645,1.2578125,-0.32128906,0.13586426,0.08459473,0.32080078,27
259.68933,189.22424,-131.19507,-1.2736816,1.0932617,-0.20385742,0.13586426,0.08459473,0.32080078,28
192.24548,183.07495,-75.8667,-1.2580566,0.97509766,-0.11010742,0.14685059,0.064819336,0.30578613,29
138.87024,181.2439,-36.14807,-1.2727051,0.88623047,0.103271484,0.14685059,0.064819336,0.30578613,30
108.96301,151.51978,-40.267944,-1.3105469,0.83813477,0.20532227,0.14685059,0.064819336,0.2841797,31
56.32019,184.26514,-57.724,-1.4916992,0.8569336,0.2614746,0.14428711,0.056762695,0.2841797,32
179.8706,91.90369,-66.63513,-1.6296387,1.0061035,0.16210938,0.14428711,0.056762695,0.2841797,33
170.6543,38.360596,-45.516968,-1.7800293,1.1623535,-0.035888672,0.14904785,0.047973633,0.27685547,34
189.36157,-26.000977,-42.633057,-1.9174805,1.3674316,-0.3088379,0.14904785,0.047973633,0.27685547,35
208.02307,-86.82251,-39.07776,-1.9406738,1.5078125,-0.52441406,0.14904785,0.047973633,0.27685547,36
144.51599,-115.50903,-36.5448,-1.8188477,1.5725098,-0.6520996,0.15234375,0.04284668,0.27685547,37
92.453,-101.760864,-39.45923,-1.6655273,1.5759277,-0.6257324,0.15234375,0.04284668,0.27685547,38
27.069092,-80.06287,-35.27832,-1.529541,1.5292969,-0.5397949,0.16516113,0.05859375,0.2874756,39
-41.610718,-55.32837,-12.4053955,-1.4638672,1.4890137,-0.5019531,0.16516113,0.05859375,0.2874756,40
-105.57556,-55.847168,-3.0975342,-1.4504395,1.4731445,-0.5498047,0.16516113,0.05859375,0.2874756,41
-205.67322,-88.82141,12.22229,-1.5002441,1.5014648,-0.6513672,0.16479492,0.05090332,0.29003906,42
-339.24866,-147.43042,58.761597,-1.5705566,1.5756836,-0.7687988,0.16479492,0.05090332,0.29003906,43
-441.14685,-205.6427,102.93579,-1.6586914,1.6269531,-0.83984375,0.15270996,0.05529785,0.3013916,44
-500,-257.09534,159.59167,-1.6838379,1.6437988,-0.88256836,0.15270996,0.05529785,0.3013916,45
-500,-269.76013,222.32056,-1.6313477,1.6604004,-0.9333496,0.15270996,0.05529785,0.3013916,46
-500,-241.77551,254.13513,-1.5192871,1.732666,-0.79711914,0.14318848,0.08276367,0.32409668,47
-500,-187.91199,283.93555,-1.3847656,1.7683105,-0.67993164,0.14318848,0.08276367,0.32409668,48
-500,-88.34839,289.2151,-1.2939453,1.7375488,-0.55322266,0.14282227,0.13586426,0.33764648,49
-500,-36.849976,310.89783,-1.2651367,1.6662598,-0.46826172,0.14282227,0.13586426,0.33764648,50
-500,20.645142,344.29932,-1.2770996,1.5744629,-0.41870117,0.14282227,0.13586426,0.33764648,51
-500,8.605957,400.5127,-1.3027344,1.4604492,-0.3935547,0.13366699,0.18273926,0.33398438,52
-500,-26.412964,437.30164,-1.2824707,1.3830566,-0.32958984,0.13366699,0.18273926,0.33398438,53
-500,-81.75659,466.69006,-1.2453613,1.2661133,-0.21142578,0.115722656,0.22558594,0.31420898,54
-500,-122.10083,467.14783,-1.1115723,1.1618652,-0.072265625,0.115722656,0.22558594,0.31420898,55
-500,-144.47021,447.89124,-0.9436035,1.0256348,0.06762695,0.115722656,0.22558594,0.31420898,56
-500,-135.60486,421.85974,-0.8640137,0.888916,0.18554688,0.091552734,0.28234863,0.28967285,57
-500,-112.88452,386.7035,-0.7128906,0.7651367,0.2746582,0.091552734,0.28234863,0.28967285,58
-500,-98.968506,353.54614,-0.66918945,0.63623047,0.36669922,0.06555176,0.3218994,0.2508545,59
-500,-97.70203,358.53577,-0.62597656,0.5217285,0.4321289,0.06555176,0.3218994,0.2508545,60
-500,-82.58057,376.46484,-0.7536621,0.42138672,0.48510742,0.06555176,0.3218994,0.2508545,61
-500,-76.15662,378.09753,-0.81103516,0.35864258,0.52075195,0.03552246,0.3486328,0.19995117,62
-500,-79.36096,364.01367,-0.6879883,0.28881836,0.58984375,0.03552246,0.3486328,0.19995117,63
-500,-81.89392,329.87976,-0.6032715,0.18041992,0.69799805,0.014282227,0.36621094,0.15161133,64
-500,-78.91846,291.82434,-0.52490234,0.048828125,0.8190918,0.014282227,0.36621094,0.15161133,65
-500,-80.41382,255.4779,-0.44726562,-0.061767578,0.9284668,0.014282227,0.36621094,0.15161133,66
-500,-88.66882,251.95312,-0.41796875,-0.18725586,1.0163574,-0.017211914,0.36730957,0.10949707,67
-500,-100.982666,241.54663,-0.42504883,-0.26123047,1.0822754,-0.017211914,0.36730957,0.10949707,68
-482.193,-126.86157,212.46338,-0.42089844,-0.32788086,1.1652832,-0.017211914,0.36730957,0.10949707,69
-428.84827,-160.9497,186.44714,-0.38305664,-0.41967773,1.2294922,-0.034423828,0.3552246,0.071777344,70
-372.90955,-208.6792,153.04565,-0.30322266,-0.5163574,1.2958984,-0.034423828,0.3552246,0.071777344,71
-309.24988,-250.28992,117.507935,-0.23901367,-0.61743164,1.3415527,-0.043945312,0.34570312,0.049804688,72
-232.83386,-284.25598,72.052,-0.20385742,-0.6850586,1.3815918,-0.043945312,0.34570312,0.049804688,73
-162.323,-296.463,49.621582,-0.21240234,-0.7368164,1.3925781,-0.043945312,0.34570312,0.049804688,74
-98.61755,-303.43628,31.799316,-0.23461914,-0.76123047,1.3615723,-0.047607422,0.33911133,0.03881836,75
-35.751343,-304.59595,16.525269,-0.26831055,-0.76953125,1.3012695,-0.047607422,0.33911133,0.03881836,76
12.863159,-290.14587,10.803223,-0.30493164,-0.7578125,1.2314453,-0.045776367,0.33215332,0.045043945,77
36.239624,-258.6975,8.69751,-0.33032227,-0.7463379,1.1547852,-0.045776367,0.33215332,0.045043945,78
59.280396,-215.05737,-3.7078857,-0.32910156,-0.7314453,1.0756836,-0.045776367,0.33215332,0.045043945,79
81.14624,-198.1659,-11.84082,-0.32177734,-0.7194824,1.0073242,-0.041748047,0.33032227,0.053100586,80
104.21753,-188.73596,-21.16394,-0.34106445,-0.7043457,0.92456055,-0.041748047,0.33032227,0.053100586,81
79.940796,-185.54688,-29.129028,-0.36572266,-0.69555664,0.8466797,-0.043945312,0.32958984,0.060791016,82
63.78174,-178.08533,-38.78784,-0.37841797,-0.6804199,0.78564453,-0.043945312,0.32958984,0.060791016,83
51.223755,-155.59387,-70.129395,-0.359375,-0.6687012,0.7426758,-0.043945312,0.32958984,0.060791016,84
75.82092,-137.83264,-94.7113,-0.3161621,-0.67407227,0.7163086,-0.037353516,0.32666016,0.06994629,85
105.07202,-120.010376,-95.09277,-0.31860352,-0.66015625,0.69506836,-0.037353516,0.32666016,0.06994629,86
115.32593,-93.307495,-81.25305,-0.35205078,-0.6308594,0.63061523,-0.029663086,0.32739258,0.08312988,87
113.43384,-82.229614,-74.142456,-0.3642578,-0.61816406,0.57714844,-0.029663086,0.32739258,0.08312988,88
114.42566,-83.38928,-74.35608,-0.36083984,-0.6237793,0.55737305,-0.029663086,0.32739258,0.08312988,89
129.16565,-75.668335,-88.012695,-0.36010742,-0.64819336,0.5773926,-0.019042969,0.3310547,0.09484863,90
150.89417,-64.315796,-105.773926,-0.37304688,-0.6652832,0.60375977,-0.019042969,0.3310547,0.09484863,91
168.3197,-62.13379,-128.75366,-0.4013672,-0.69677734,0.6052246,-0.010253906,0.3314209,0.1105957,92
171.08154,-67.26074,-134.552,-0.4189453,-0.73999023,0.59814453,-0.010253906,0.3314209,0.1105957,93
176.16272,-90.652466,-143.98193,-0.45874023,-0.74609375,0.60253906,-0.010253906,0.3314209,0.1105957,94
206.46667,-103.10364,-136.90186,-0.50146484,-0.7697754,0.61083984,0.006958008,0.3277588,0.11791992,95
215.74402,-124.46594,-125.74768,-0.4975586,-0.8100586,0.60961914,0.006958008,0.3277588,0.11791992,96
249.60327,-139.23645,-134.32312,-0.49072266,-0.80810547,0.60424805,0.017944336,0.32666016,0.13586426,97
295.60852,-136.12366,-135.1471,-0.5209961,-0.76293945,0.56469727,0.017944336,0.32666016,0.13586426,98
326.24817,-103.46985,-135.31494,-0.57543945,-0.7141113,0.48120117,0.017944336,0.32666016,0.13586426,99
336.47156,-75.95825,-154.03748,-0.57788086,-0.67871094,0.34936523,0.032592773,0.32592773,0.1673584,100
325.98877,-67.352295,-192.47437,-0.54003906,-0.6364746,0.22851562,0.032592773,0.32592773,0.1673584,101
316.32996,-69.18335,-238.57117,-0.5031738,-0.6147461,0.15673828,0.045410156,0.31640625,0.18969727,102
331.20728,-87.60071,-315.6128,-0.5229492,-0.61328125,0.110839844,0.045410156,0.31640625,0.18969727,103
329.55933,-128.09753,-335.61707,-0.6311035,-0.58251953,0.07470703,0.045410156,0.31640625,0.18969727,104
313.00354,-163.7268,-282.74536,-0.8798828,-0.53881836,-0.017578125,0.06994629,0.30322266,0.21862793,105
276.76392,-135.95581,-160.15625,-1.1018066,-0.4580078,-0.18383789,0.06994629,0.30322266,0.21862793,106
231.30798,-115.82947,-94.54346,-1.1733398,-0.4248047,-0.33544922,0.06994629,0.29077148,0.24060059,107
210.90698,-114.51721,-72.95227,-1.1262207,-0.44506836,-0.36206055,0.07763672,0.29077148,0.24060059,108
245.39185,-97.39685,-86.517334,-1.041748,-0.4519043,-0.2746582,0.07763672,0.29077148,0.24060059,109
310.4248,-78.58276,-102.70691,-0.91186523,-0.40893555,-0.15185547,0.08093262,0.28198242,0.2581787,110
403.50342,-102.890015,-169.63196,-0.8171387,-0.36645508,-0.05126953,0.08093262,0.28198242,0.2581787,111
499.9237,-152.05383,-219.63501,-0.73168945,-0.28051758,0.025878906,0.07800293,0.25305176,0.28674316,112
499.9237,-174.5758,-233.76465,-0.64501953,-0.18798828,0.09643555,0.07800293,0.25305176,0.28674316,113
499.9237,-165.45105,-231.79626,-0.62524414,-0.12182617,0.10253906,0.07800293,0.25305176,0.28674316,114
499.9237,-83.77075,-191.84875,-0.6958008,0.0009765625,0.055419922,0.07800293,0.21313477,0.32629395,115
499.9237,28.198242,-129.21143,-0.845459,0.10498047,0.0014648438,0.07800293,0.21313477,0.32629395,116
499.9237,166.22925,-46.14258,-1.0400391,0.28710938,-0.099365234,0.07800293,0.21313477,0.32629395,117
499.9237,293.51807,53.55835,-1.296875,0.49902344,-0.29370117,0.08532715,0.16845703,0.34899902,118
499.9237,356.17065,101.18103,-1.5490723,0.74731445,-0.56762695,0.08532715,0.16845703,0.34899902,119
499.9237,357.23877,102.11182,-1.699707,0.9448242,-0.96899414,0.099609375,0.12890625,0.34350586,120
499.9237,324.14246,98.19031,-1.6660156,1.026123,-1.4501953,0.099609375,0.12890625,0.34350586,121
467.9718,264.46533,115.6311,-1.5300293,1.0549316,-1.7331543,0.099609375,0.12890625,0.34350586,122
329.36096,222.70203,147.7356,-1.376709,0.99365234,-1.7773438,0.12121582,0.11828613,0.3277588,123
203.0487,198.89832,183.74634,-1.2973633,0.86328125,-1.5979004,0.12121582,0.11828613,0.3277588,124
79.52881,225.35706,194.21387,-1.2900391,0.75634766,-1.3095703,0.14099121,0.12890625,0.31237793,125
24.276733,242.14172,200.77515,-1.2785645,0.70043945,-1.0288086,0.14099121,0.12890625,0.31237793,126
-51.208496,224.7467,222.07642,-1.2971191,0.6113281,-0.8811035,0.14099121,0.12890625,0.31237793,127
-114.53247,189.8346,249.75586,-1.3503418,0.5505371,-0.80737305,0.13256836,0.1307373,0.2947998,128
-165.66467,146.39282,297.10388,-1.4179688,0.5004883,-0.78466797,0.13256836,0.1307373,0.2947998,129
-188.96484,88.638306,353.6682,-1.5183105,0.46118164,-0.85009766,0.122680664,0.14428711,0.2783203,130
-210.6018,85.02197,367.5232,-1.5495605,0.46875,-0.94970703,0.122680664,0.14428711,0.2783203,131
-234.61914,81.31409,383.57544,-1.5146484,0.51953125,-1.0825195,0.122680664,0.14428711,0.2783203,132
-220.16907,76.72119,425.23193,-1.4238281,0.5263672,-1.1818848,0.1237793,0.18054199,0.26586914,133
-208.25195,91.81213,430.8014,-1.3303223,0.52441406,-1.1660156,0.1237793,0.18054199,0.26586914,134
-206.11572,91.56799,426.51367,-1.2368164,0.49243164,-1.0668945,0.114990234,0.2211914,0.24865723,135
-229.87366,65.963745,398.4375,-1.1037598,0.44458008,-0.88183594,0.114990234,0.2211914,0.24865723,136
-281.8451,28.59497,353.57666,-0.9326172,0.4152832,-0.6960449,0.114990234,0.2211914,0.24865723,137
-331.45142,-16.738892,304.26025,-0.75512695,0.35083008,-0.5024414,0.10180664,0.24902344,0.23913574,138
-341.20178,-44.769287,250.79346,-0.6447754,0.2565918,-0.31811523,0.10180664,0.24902344,0.23913574,139
-316.97083,-60.287476,211.10535,-0.61157227,0.1381836,-0.2199707,0.08496094,0.26953125,0.22851562,140
-283.5083,-93.826294,171.26465,-0.5817871,0.05859375,-0.16625977,0.08496094,0.26953125,0.22851562,141
-245.57495,-138.73291,132.85828,-0.5566406,0.0034179688,-0.12841797,0.08496094,0.26953125,0.22851562,142
-213.6383,-170.10498,98.724365,-0.5625,-0.05883789,-0.10449219,0.06994629,0.27978516,0.21350098,143
-154.953,-181.8695,59.524536,-0.58496094,-0.103027344,-0.07519531,0.06994629,0.27978516,0.21350098,144
-40.756226,-170.3186,10.940552,-0.61499023,-0.15454102,-0.028320312,0.06958008,0.29077148,0.21496582,145
18.066406,-148.60535,-17.242432,-0.62060547,-0.20898438,0.016113281,0.06958008,0.29077148,0.21496582,146
32.318115,-132.76672,-49.713135,-0.6154785,-0.25463867,0.04296875,0.06958008,0.29077148,0.21496582,147
36.376953,-139.17542,-85.4187,-0.59887695,-0.27416992,0.04736328,0.06738281,0.28930664,0.22961426,148
24.68872,-168.07556,-109.054565,-0.5683594,-0.29418945,0.049072266,0.06738281,0.28930664,0.22961426,149
16.26587,-211.83777,-147.35413,-0.5305176,-0.31982422,0.0703125,0.06958008,0.28051758,0.24133301,150
22.857666,-275.74158,-187.98828,-0.4868164,-0.32226562,0.10668945,0.06958008,0.28051758,0.24133301,151
40.83252,-324.66125,-214.47754,-0.4489746,-0.3232422,0.12939453,0.06958008,0.28051758,0.24133301,152
75.69885,-357.94067,-240.79895,-0.44189453,-0.3059082,0.14160156,0.076538086,0.2746582,0.2581787,153
123.0011,-365.6311,-264.83154,-0.4790039,-0.27905273,0.14208984,0.076538086,0.2746582,0.2581787,154
158.30994,-348.57178,-268.219,-0.5390625,-0.27246094,0.12719727,0.076538086,0.2614746,0.28527832,155
199.55444,-314.7583,-258.04138,-0.60131836,-0.26220703,0.10571289,0.08569336,0.2614746,0.28527832,156
258.04138,-271.05713,-255.31006,-0.6591797,-0.23291016,0.08105469,0.08569336,0.2614746,0.28527832,157
301.92566,-247.07031,-245.52917,-0.70654297,-0.2163086,0.04321289,0.088256836,0.2376709,0.31750488,158
328.94897,-218.44482,-238.17444,-0.75146484,-0.14990234,-0.013183594,0.088256836,0.2376709,0.31750488,159